# --- Sample Dataset

# --- !Ups

INSERT INTO Restaurant (restaurant_name, location, owner_first_name, owner_last_name, restaurant_phone) VALUES ('McDonalds', 'Atlanta', 'Ronald', 'McDonald', '6789777023');
INSERT INTO Menu(restaurant_name,item_name,price) VALUES ('McDonalds','Chicken McNuggets',5);
INSERT INTO Ingredient(restaurant_name,item_name,ingredient_name,portion,unit) VALUES ('McDonalds','Chicken McNuggets','Chicken',2,'Lb');
INSERT INTO Ingredient(restaurant_name,item_name,ingredient_name,portion,unit) VALUES ('McDonalds','Chicken McNuggets','Nugget Seasoning',4,'Tsp');
INSERT INTO Menu(restaurant_name,item_name,price) VALUES ('McDonalds','Chicken Sandwich',6);
INSERT INTO Ingredient(restaurant_name,item_name,ingredient_name,portion,unit) VALUES ('McDonalds','Chicken Sandwich','Chicken',.5,'Lb');
INSERT INTO Ingredient(restaurant_name,item_name,ingredient_name,portion,unit) VALUES ('McDonalds','Chicken Sandwich','Tomato',2,'Slice');
INSERT INTO Ingredient(restaurant_name,item_name,ingredient_name,portion,unit) VALUES ('McDonalds','Chicken Sandwich','Lettuce',1,'Gram');
INSERT INTO Ingredient(restaurant_name,item_name,ingredient_name,portion,unit) VALUES ('McDonalds','Chicken Sandwich','Bread',2,'Piece');
INSERT INTO Ingredient(restaurant_name,item_name,ingredient_name,portion,unit) VALUES ('McDonalds','Chicken Sandwich','Special Sauce',1,'Tsp');
INSERT INTO Ingredient(restaurant_name,item_name,ingredient_name,portion,unit) VALUES ('McDonalds','Chicken Sandwich','Cheese',1,'Slice');

INSERT INTO Menu(restaurant_name,item_name,price) VALUES ('McDonalds','Cheeseburger',5);
INSERT INTO Ingredient(restaurant_name,item_name,ingredient_name,portion,unit) VALUES ('McDonalds','Cheeseburger','Beef',.5,'Lb');
INSERT INTO Ingredient(restaurant_name,item_name,ingredient_name,portion,unit) VALUES ('McDonalds','Cheeseburger','Tomato',2,'Slice');
INSERT INTO Ingredient(restaurant_name,item_name,ingredient_name,portion,unit) VALUES ('McDonalds','Cheeseburger','Lettuce',1,'Gram');
INSERT INTO Ingredient(restaurant_name,item_name,ingredient_name,portion,unit) VALUES ('McDonalds','Cheeseburger','Bread',2,'Piece');
INSERT INTO Ingredient(restaurant_name,item_name,ingredient_name,portion,unit) VALUES ('McDonalds','Cheeseburger','Special Sauce',1,'Tsp');
INSERT INTO Ingredient(restaurant_name,item_name,ingredient_name,portion,unit) VALUES ('McDonalds','Cheeseburger','Cheese',2,'Slice');
INSERT INTO Menu(restaurant_name,item_name,price) VALUES ('McDonalds','Fries',3);
INSERT INTO Ingredient(restaurant_name,item_name,ingredient_name,portion,unit) VALUES ('McDonalds','Fries','Potato',2,'Lb');
INSERT INTO Ingredient(restaurant_name,item_name,ingredient_name,portion,unit) VALUES ('McDonalds','Fries','Salt',2,'Tsp');
INSERT INTO Ingredient(restaurant_name,item_name,ingredient_name,portion,unit) VALUES ('McDonalds','Fries','Black Pepper',2,'Tsp');
INSERT INTO Menu(restaurant_name,item_name,price) VALUES ('McDonalds','Drink',2);
INSERT INTO Ingredient(restaurant_name,item_name,ingredient_name,portion,unit) VALUES ('McDonalds','Drink','Coke',22,'Oz');
INSERT INTO Menu(restaurant_name,item_name,price) VALUES ('McDonalds','Milkshake',4);
INSERT INTO Ingredient(restaurant_name,item_name,ingredient_name,portion,unit) VALUES ('McDonalds','Milkshake','Milk',15,'Oz');
INSERT INTO Ingredient(restaurant_name,item_name,ingredient_name,portion,unit) VALUES ('McDonalds','Milkshake','Ice Cream',2,'Scoop');
INSERT INTO Menu(restaurant_name,item_name,price) VALUES ('McDonalds','Veggie burger',6);
INSERT INTO Ingredient(restaurant_name,item_name,ingredient_name,portion,unit) VALUES ('McDonalds','Veggie burger','Soy Patties',.5,'Lb');
INSERT INTO Ingredient(restaurant_name,item_name,ingredient_name,portion,unit) VALUES ('McDonalds','Veggie burger','Tomato',2,'Slice');
INSERT INTO Ingredient(restaurant_name,item_name,ingredient_name,portion,unit) VALUES ('McDonalds','Veggie burger','Lettuce',1,'Gram');
INSERT INTO Ingredient(restaurant_name,item_name,ingredient_name,portion,unit) VALUES ('McDonalds','Veggie burger','Bread',2,'Piece');
INSERT INTO Ingredient(restaurant_name,item_name,ingredient_name,portion,unit) VALUES ('McDonalds','Veggie burger','Special Sauce',1,'Tsp');
INSERT INTO Ingredient(restaurant_name,item_name,ingredient_name,portion,unit) VALUES ('McDonalds','Veggie burger','Cheese',1,'Slice');
INSERT INTO Menu(restaurant_name,item_name,price) VALUES ('McDonalds','Salad',8);
INSERT INTO Ingredient(restaurant_name,item_name,ingredient_name,portion,unit) VALUES ('McDonalds','Salad','Salad Pack',1,'Packet');
INSERT INTO Menu(restaurant_name,item_name,price) VALUES ('McDonalds','Turkey burger',5);
INSERT INTO Ingredient(restaurant_name,item_name,ingredient_name,portion,unit) VALUES ('McDonalds','Turkey burger','Turkey',.5,'Lb');
INSERT INTO Ingredient(restaurant_name,item_name,ingredient_name,portion,unit) VALUES ('McDonalds','Turkey burger','Tomato',2,'Slice');
INSERT INTO Ingredient(restaurant_name,item_name,ingredient_name,portion,unit) VALUES ('McDonalds','Turkey burger','Lettuce',1,'Gram');
INSERT INTO Ingredient(restaurant_name,item_name,ingredient_name,portion,unit) VALUES ('McDonalds','Turkey burger','Bread',2,'Piece');
INSERT INTO Ingredient(restaurant_name,item_name,ingredient_name,portion,unit) VALUES ('McDonalds','Turkey burger','Special Sauce',1,'Tsp');
INSERT INTO Ingredient(restaurant_name,item_name,ingredient_name,portion,unit) VALUES ('McDonalds','Turkey burger','Cheese',1,'Slice');
INSERT INTO Inventory (restaurant_name, ingredient_name, quantity, unit) VALUES ('McDonalds','Salad Pack',1000,'Packet');
INSERT INTO Inventory (restaurant_name, ingredient_name, quantity, unit) VALUES ('McDonalds','Chicken',500,'Lb');
INSERT INTO Inventory (restaurant_name, ingredient_name, quantity, unit) VALUES ('McDonalds','Nugget Seasoning',1000, 'Tsp');
INSERT INTO Inventory (restaurant_name, ingredient_name, quantity, unit) VALUES ('McDonalds','Tomato',1000,'Slice');
INSERT INTO Inventory (restaurant_name, ingredient_name, quantity, unit) VALUES ('McDonalds','Cheese',1000,'Slice');
INSERT INTO Inventory (restaurant_name, ingredient_name, quantity, unit) VALUES ('McDonalds','Lettuce',1000,'Gram');
INSERT INTO Inventory (restaurant_name, ingredient_name, quantity, unit) VALUES ('McDonalds','Special Sauce',1000,'Tsp');
INSERT INTO Inventory (restaurant_name, ingredient_name, quantity, unit) VALUES ('McDonalds','Turkey',500,'Lb');
INSERT INTO Inventory (restaurant_name, ingredient_name, quantity, unit) VALUES ('McDonalds','Soy Patties',500,'Lb');
INSERT INTO Inventory (restaurant_name, ingredient_name, quantity, unit) VALUES ('McDonalds','Bread',5000,'Piece');
INSERT INTO Inventory (restaurant_name, ingredient_name, quantity, unit) VALUES ('McDonalds','Beef',500,'Lb');
INSERT INTO Inventory (restaurant_name, ingredient_name, quantity, unit) VALUES ('McDonalds','Potato',500,'Lb');
INSERT INTO Inventory (restaurant_name, ingredient_name, quantity, unit) VALUES ('McDonalds','Salt',5000,'Tsp');
INSERT INTO Inventory (restaurant_name, ingredient_name, quantity, unit) VALUES ('McDonalds','Black Pepper',5000,'Tsp');
INSERT INTO Inventory (restaurant_name, ingredient_name, quantity, unit) VALUES ('McDonalds','Milk',5000,'0z');
INSERT INTO Inventory (restaurant_name, ingredient_name, quantity, unit) VALUES ('McDonalds','Ice Cream',5000,'Scoop');
INSERT INTO Inventory (restaurant_name, ingredient_name, quantity, unit) VALUES ('McDonalds','Coke',5000,'0z');
INSERT INTO Restaurant (restaurant_name, location, owner_first_name, owner_last_name, restaurant_phone) VALUES ('Taste Of India', 'Athens', 'Vivek', 'Patel', '4045497192');
INSERT INTO Menu(restaurant_name,item_name,price) VALUES('Taste Of India','Samosas',5);
INSERT INTO Ingredient(restaurant_name,item_name,ingredient_name,portion,unit) VALUES ('Taste Of India','Samosas','Potato',1,'Lb');
INSERT INTO Ingredient(restaurant_name,item_name,ingredient_name,portion,unit) VALUES ('Taste Of India','Samosas','Flour',1,'Lb');
INSERT INTO Ingredient(restaurant_name,item_name,ingredient_name,portion,unit) VALUES ('Taste Of India','Samosas','Masala Spice',3,'Tsp');
INSERT INTO Ingredient(restaurant_name,item_name,ingredient_name,portion,unit) VALUES ('Taste Of India','Samosas','Garlic',1,'Tsp');
INSERT INTO Ingredient(restaurant_name,item_name,ingredient_name,portion,unit) VALUES ('Taste Of India','Samosas','Onion',1,'Lb');
INSERT INTO Menu(restaurant_name,item_name,price) VALUES('Taste Of India','Biryani',9);
INSERT INTO Ingredient(restaurant_name,item_name,ingredient_name,portion,unit) VALUES ('Taste Of India','Biryani','Rice',1,'Lb');
INSERT INTO Ingredient(restaurant_name,item_name,ingredient_name,portion,unit) VALUES ('Taste Of India','Biryani','Mixed Vegetables',1,'Packet');
INSERT INTO Ingredient(restaurant_name,item_name,ingredient_name,portion,unit) VALUES ('Taste Of India','Biryani','Spices',3,'Tsp');
INSERT INTO Menu(restaurant_name,item_name,price) VALUES('Taste Of India','Butter Chicken',12);
INSERT INTO Ingredient(restaurant_name,item_name,ingredient_name,portion,unit) VALUES ('Taste Of India','Butter Chicken','Chicken',2,'Lb');
INSERT INTO Ingredient(restaurant_name,item_name,ingredient_name,portion,unit) VALUES ('Taste Of India','Butter Chicken','Butter',5,'Tsp');
INSERT INTO Ingredient(restaurant_name,item_name,ingredient_name,portion,unit) VALUES ('Taste Of India','Butter Chicken','Onion',1,'Lb');
INSERT INTO Ingredient(restaurant_name,item_name,ingredient_name,portion,unit) VALUES ('Taste Of India','Butter Chicken','Butter Chicken Masala',1,'Packet');
INSERT INTO Ingredient(restaurant_name,item_name,ingredient_name,portion,unit) VALUES ('Taste Of India','Butter Chicken','Tomato Sauce',12,'Oz');
INSERT INTO Menu(restaurant_name,item_name,price) VALUES('Taste Of India','Chicken Tikka Masala',12);
INSERT INTO Ingredient(restaurant_name,item_name,ingredient_name,portion,unit) VALUES ('Taste Of India','Chicken Tikka Masala','','',);
INSERT INTO Ingredient(restaurant_name,item_name,ingredient_name,portion,unit) VALUES ('Taste Of India','Chicken Tikka Masala','Chicken',2,'Lb');
INSERT INTO Ingredient(restaurant_name,item_name,ingredient_name,portion,unit) VALUES ('Taste Of India','Chicken Tikka Masala','Butter',5,'Tsp');
INSERT INTO Ingredient(restaurant_name,item_name,ingredient_name,portion,unit) VALUES ('Taste Of India','Chicken Tikka Masala','Onion',1,'Lb');
INSERT INTO Ingredient(restaurant_name,item_name,ingredient_name,portion,unit) VALUES ('Taste Of India','Chicken Tikka Masala','Tikka Masala',1,'Packet');
INSERT INTO Ingredient(restaurant_name,item_name,ingredient_name,portion,unit) VALUES ('Taste Of India','Chicken Tikka Masala','Tomato Sauce',12,'Oz');
INSERT INTO Menu(restaurant_name,item_name,price) VALUES('Taste Of India','Pakora',5);
INSERT INTO Ingredient(restaurant_name,item_name,ingredient_name,portion,unit) VALUES ('Taste Of India','Pakora','Potato',1,'Lb');
INSERT INTO Ingredient(restaurant_name,item_name,ingredient_name,portion,unit) VALUES ('Taste Of India','Pakora','Onion',1,'Lb');
INSERT INTO Ingredient(restaurant_name,item_name,ingredient_name,portion,unit) VALUES ('Taste Of India','Pakora','Flour',1,'Lb');
INSERT INTO Ingredient(restaurant_name,item_name,ingredient_name,portion,unit) VALUES ('Taste Of India','Pakora','Salt',2,'Tsp');
INSERT INTO Ingredient(restaurant_name,item_name,ingredient_name,portion,unit) VALUES ('Taste Of India','Pakora','Black Pepper',2,'Tsp');

INSERT INTO Menu(restaurant_name,item_name,price) VALUES('Taste Of India','Mango Lasi',5);
INSERT INTO Ingredient(restaurant_name,item_name,ingredient_name,portion,unit) VALUES ('Taste Of India','Mango Lasi','Lasi',15,'Oz');
INSERT INTO Menu(restaurant_name,item_name,price) VALUES('Taste Of India','Garlic Naan',3);
INSERT INTO Ingredient(restaurant_name,item_name,ingredient_name,portion,unit) VALUES ('Taste Of India','Garlic Naan','Flour',1,'Lb');
INSERT INTO Ingredient(restaurant_name,item_name,ingredient_name,portion,unit) VALUES ('Taste Of India','Garlic Naan','Garlic',2,'Tsp');
INSERT INTO Menu(restaurant_name,item_name,price) VALUES('Taste Of India','Tandori Chicken',15);
INSERT INTO Ingredient(restaurant_name,item_name,ingredient_name,portion,unit) VALUES ('Taste Of India','Tandori Chicken','Chicken',2,'Lb');
INSERT INTO Ingredient(restaurant_name,item_name,ingredient_name,portion,unit) VALUES ('Taste Of India','Tandori Chicken','Tandori Masala',1,'Packet');
INSERT INTO Menu(restaurant_name,item_name,price) VALUES('Taste Of India','Ice Cream',4);
INSERT INTO Ingredient(restaurant_name,item_name,ingredient_name,portion,unit) VALUES ('Taste Of India','Ice Cream','Icecream',2,'Scoop');
INSERT INTO Menu(restaurant_name,item_name,price) VALUES('Taste Of India','Garden Salad',6);
INSERT INTO Ingredient(restaurant_name,item_name,ingredient_name,portion,unit) VALUES ('Taste Of India','Garden Salad','Salad Pack',1,'Packet');
INSERT INTO Inventory (restaurant_name, ingredient_name, quantity, unit) VALUES ('Taste Of India','Chicken',500,'Lb');
INSERT INTO Inventory (restaurant_name, ingredient_name, quantity, unit) VALUES ('Taste Of India','Potato',500,'Lb');
INSERT INTO Inventory (restaurant_name, ingredient_name, quantity, unit) VALUES ('Taste Of India','Onion',500,'Lb');
INSERT INTO Inventory (restaurant_name, ingredient_name, quantity, unit) VALUES ('Taste Of India','Flour',500,'Lb');
INSERT INTO Inventory (restaurant_name, ingredient_name, quantity, unit) VALUES ('Taste Of India','Rice',500,'Lb');
INSERT INTO Inventory (restaurant_name, ingredient_name, quantity, unit) VALUES ('Taste Of India','Butter',5000,'Tsp');
INSERT INTO Inventory (restaurant_name, ingredient_name, quantity, unit) VALUES ('Taste Of India','Garlic',5000,'Tsp');
INSERT INTO Inventory (restaurant_name, ingredient_name, quantity, unit) VALUES ('Taste Of India','Spices',5000,'Tsp');
INSERT INTO Inventory (restaurant_name, ingredient_name, quantity, unit) VALUES ('Taste Of India','Butter Chicken Masala',500,'Packet');
INSERT INTO Inventory (restaurant_name, ingredient_name, quantity, unit) VALUES ('Taste Of India','Tikka Masala',500,'Packet');
INSERT INTO Inventory (restaurant_name, ingredient_name, quantity, unit) VALUES ('Taste Of India','Masala Spice',5000,'Tsp');
INSERT INTO Inventory (restaurant_name, ingredient_name, quantity, unit) VALUES ('Taste Of India','Tomato Sauce',5000,'Oz');
INSERT INTO Inventory (restaurant_name, ingredient_name, quantity, unit) VALUES ('Taste Of India','Salt',5000,'Tsp');
INSERT INTO Inventory (restaurant_name, ingredient_name, quantity, unit) VALUES ('Taste Of India','Black Pepper',5000,'Tsp');
INSERT INTO Inventory (restaurant_name, ingredient_name, quantity, unit) VALUES ('Taste Of India','Lasi',5000,'Oz');
INSERT INTO Inventory (restaurant_name, ingredient_name, quantity, unit) VALUES ('Taste Of India','Icecream',5000,'Scoop');
INSERT INTO Inventory (restaurant_name, ingredient_name, quantity, unit) VALUES ('Taste Of India','Tandori Masala',1000,'Packet');
INSERT INTO Inventory (restaurant_name, ingredient_name, quantity, unit) VALUES ('Taste Of India','Salad Pack',1000,'Packet');
INSERT INTO Inventory (restaurant_name, ingredient_name, quantity, unit) VALUES ('Taste Of India','Mixed Vegetables',1000,'Packet');
INSERT INTO Restaurant (restaurant_name, location, owner_first_name, owner_last_name, restaurant_phone) VALUES ('Moes', 'Rome', 'Nicolas', 'Burgess', '6782457891');
INSERT INTO Menu(restaurant_name,item_name,price) VALUES('Moes','Burrito',9);
INSERT INTO Ingredient(restaurant_name,item_name,ingredient_name,portion,unit) VALUES ('Moes','Burrito','Chicken',.5,'Lb');
INSERT INTO Ingredient(restaurant_name,item_name,ingredient_name,portion,unit) VALUES ('Moes','Burrito','Onion',.5,'Lb');
INSERT INTO Ingredient(restaurant_name,item_name,ingredient_name,portion,unit) VALUES ('Moes','Burrito','Tomato',.5,'Lb');
INSERT INTO Ingredient(restaurant_name,item_name,ingredient_name,portion,unit) VALUES ('Moes','Burrito','Lettuce',15,'Gram');
INSERT INTO Ingredient(restaurant_name,item_name,ingredient_name,portion,unit) VALUES ('Moes','Burrito','Shredded Cheese',.3,'Lb');
INSERT INTO Ingredient(restaurant_name,item_name,ingredient_name,portion,unit) VALUES ('Moes','Burrito','Rice',.5,'Lb');
INSERT INTO Ingredient(restaurant_name,item_name,ingredient_name,portion,unit) VALUES ('Moes','Burrito','Tortilla',1,'Piece');
INSERT INTO Ingredient(restaurant_name,item_name,ingredient_name,portion,unit) VALUES ('Moes','Burrito','Pico',4,'Tsp');
INSERT INTO Ingredient(restaurant_name,item_name,ingredient_name,portion,unit) VALUES ('Moes','Burrito','Beans',1,'Lb');
INSERT INTO Menu(restaurant_name,item_name,price) VALUES('Moes','Nachos',9);
INSERT INTO Ingredient(restaurant_name,item_name,ingredient_name,portion,unit) VALUES ('Moes','Nachos','Chicken',.5,'Lb');
INSERT INTO Ingredient(restaurant_name,item_name,ingredient_name,portion,unit) VALUES ('Moes','Nachos','Onion',.5,'Lb');
INSERT INTO Ingredient(restaurant_name,item_name,ingredient_name,portion,unit) VALUES ('Moes','Nachos','Tomato',.5,'Lb');
INSERT INTO Ingredient(restaurant_name,item_name,ingredient_name,portion,unit) VALUES ('Moes','Nachos','Lettuce',15,'Gram');
INSERT INTO Ingredient(restaurant_name,item_name,ingredient_name,portion,unit) VALUES ('Moes','Nachos','Melted Cheese',5,'Oz');
INSERT INTO Ingredient(restaurant_name,item_name,ingredient_name,portion,unit) VALUES ('Moes','Nachos','Rice',.5,'Lb');
INSERT INTO Ingredient(restaurant_name,item_name,ingredient_name,portion,unit) VALUES ('Moes','Nachos','Tortilla Chips',1,'Packet');
INSERT INTO Ingredient(restaurant_name,item_name,ingredient_name,portion,unit) VALUES ('Moes','Nachos','Pico',4,'Tsp');
INSERT INTO Menu(restaurant_name,item_name,price) VALUES('Moes','Quesdilla',9);
INSERT INTO Ingredient(restaurant_name,item_name,ingredient_name,portion,unit) VALUES ('Moes','Quesdilla','Chicken',.5,'Lb');
INSERT INTO Ingredient(restaurant_name,item_name,ingredient_name,portion,unit) VALUES ('Moes','Quesdilla','Onion',.5,'Lb');
INSERT INTO Ingredient(restaurant_name,item_name,ingredient_name,portion,unit) VALUES ('Moes','Quesdilla','Tomato',.5,'Lb');
INSERT INTO Ingredient(restaurant_name,item_name,ingredient_name,portion,unit) VALUES ('Moes','Quesdilla','Lettuce',15,'Gram');
INSERT INTO Ingredient(restaurant_name,item_name,ingredient_name,portion,unit) VALUES ('Moes','Quesdilla','Shredded Cheese',.8,'Lb');
INSERT INTO Ingredient(restaurant_name,item_name,ingredient_name,portion,unit) VALUES ('Moes','Quesdilla','Rice',.5,'Lb');
INSERT INTO Ingredient(restaurant_name,item_name,ingredient_name,portion,unit) VALUES ('Moes','Quesdilla','Tortilla',1,'Packet');
INSERT INTO Ingredient(restaurant_name,item_name,ingredient_name,portion,unit) VALUES ('Moes','Quesdilla','Pico',4,'Tsp');

INSERT INTO Menu(restaurant_name,item_name,price) VALUES('Moes','Drink',2);
INSERT INTO Ingredient(restaurant_name,item_name,ingredient_name,portion,unit) VALUES ('Moes','Drink','Coke',22,'Oz');
INSERT INTO Menu(restaurant_name,item_name,price) VALUES('Moes','Chips',2);
INSERT INTO Ingredient(restaurant_name,item_name,ingredient_name,portion,unit) VALUES ('Moes','Chips','Tortilla Chips',1,'Packet');
INSERT INTO Menu(restaurant_name,item_name,price) VALUES('Moes','Guacamole',1);
INSERT INTO Ingredient(restaurant_name,item_name,ingredient_name,portion,unit) VALUES ('Moes','Guacamole','Avocado',.5,'Lb');
INSERT INTO Menu(restaurant_name,item_name,price) VALUES('Moes','Sour Cream',1);
INSERT INTO Ingredient(restaurant_name,item_name,ingredient_name,portion,unit) VALUES ('Moes','Sour Cream','Sourcream',4,'Tsp');
INSERT INTO Menu(restaurant_name,item_name,price) VALUES('Moes','Burrito Bowl',9);
INSERT INTO Ingredient(restaurant_name,item_name,ingredient_name,portion,unit) VALUES ('Moes','Burrito Bowl','Chicken',.5,'Lb');
INSERT INTO Ingredient(restaurant_name,item_name,ingredient_name,portion,unit) VALUES ('Moes','Burrito Bowl','Onion',.5,'Lb');
INSERT INTO Ingredient(restaurant_name,item_name,ingredient_name,portion,unit) VALUES ('Moes','Burrito Bowl','Tomato',.5,'Lb');
INSERT INTO Ingredient(restaurant_name,item_name,ingredient_name,portion,unit) VALUES ('Moes','Burrito Bowl','Lettuce',15,'Gram');
INSERT INTO Ingredient(restaurant_name,item_name,ingredient_name,portion,unit) VALUES ('Moes','Burrito Bowl','Shredded Cheese',.3,'Lb');
INSERT INTO Ingredient(restaurant_name,item_name,ingredient_name,portion,unit) VALUES ('Moes','Burrito Bowl','Rice',.5,'Lb');
INSERT INTO Ingredient(restaurant_name,item_name,ingredient_name,portion,unit) VALUES ('Moes','Burrito Bowl','Bowl',1,'Piece');
INSERT INTO Ingredient(restaurant_name,item_name,ingredient_name,portion,unit) VALUES ('Moes','Burrito Bowl','Pico',4,'Tsp');
INSERT INTO Ingredient(restaurant_name,item_name,ingredient_name,portion,unit) VALUES ('Moes','Burrito Bowl','Beans',1,'Lb');

INSERT INTO Menu(restaurant_name,item_name,price) VALUES('Moes','Mini Burrito',5);
INSERT INTO Ingredient(restaurant_name,item_name,ingredient_name,portion,unit) VALUES ('Moes','Mini Burrito','Chicken',.3,'Lb');
INSERT INTO Ingredient(restaurant_name,item_name,ingredient_name,portion,unit) VALUES ('Moes','Mini Burrito','Onion',.3,'Lb');
INSERT INTO Ingredient(restaurant_name,item_name,ingredient_name,portion,unit) VALUES ('Moes','Mini Burrito','Tomato',.3,'Lb');
INSERT INTO Ingredient(restaurant_name,item_name,ingredient_name,portion,unit) VALUES ('Moes','Mini Burrito','Lettuce',10,'Gram');
INSERT INTO Ingredient(restaurant_name,item_name,ingredient_name,portion,unit) VALUES ('Moes','Mini Burrito','Shredded Cheese',.2,'Lb');
INSERT INTO Ingredient(restaurant_name,item_name,ingredient_name,portion,unit) VALUES ('Moes','Mini Burrito','Rice',.25,'Lb');
INSERT INTO Ingredient(restaurant_name,item_name,ingredient_name,portion,unit) VALUES ('Moes','Mini Burrito','Mini Tortilla',1,'Piece');
INSERT INTO Ingredient(restaurant_name,item_name,ingredient_name,portion,unit) VALUES ('Moes','Mini Burrito','Pico',2,'Tsp');
INSERT INTO Ingredient(restaurant_name,item_name,ingredient_name,portion,unit) VALUES ('Moes','Mini Burrito','Beans',.5,'Lb');

INSERT INTO Menu(restaurant_name,item_name,price) VALUES('Moes','Tacos',3);
INSERT INTO Ingredient(restaurant_name,item_name,ingredient_name,portion,unit) VALUES ('Moes','Tacos','Chicken',.5,'Lb');
INSERT INTO Ingredient(restaurant_name,item_name,ingredient_name,portion,unit) VALUES ('Moes','Tacos','Onion',.5,'Lb');
INSERT INTO Ingredient(restaurant_name,item_name,ingredient_name,portion,unit) VALUES ('Moes','Tacos','Lettuce',15,'Gram');
INSERT INTO Ingredient(restaurant_name,item_name,ingredient_name,portion,unit) VALUES ('Moes','Tacos','Mini Tortilla',1,'Piece');
INSERT INTO Ingredient(restaurant_name,item_name,ingredient_name,portion,unit) VALUES ('Moes','Tacos','Pico',4,'Tsp');
INSERT INTO Inventory (restaurant_name, ingredient_name, quantity, unit) VALUES ('Moes','Chicken',500,'Lb');
INSERT INTO Inventory (restaurant_name, ingredient_name, quantity, unit) VALUES ('Moes','Tomato',500,'Lb');
INSERT INTO Inventory (restaurant_name, ingredient_name, quantity, unit) VALUES ('Moes','Onion',500,'Lb');
INSERT INTO Inventory (restaurant_name, ingredient_name, quantity, unit) VALUES ('Moes','Tortilla',1000,'Piece');
INSERT INTO Inventory (restaurant_name, ingredient_name, quantity, unit) VALUES ('Moes','Rice',500,'Lb');
INSERT INTO Inventory (restaurant_name, ingredient_name, quantity, unit) VALUES ('Moes','Mini Tortilla',1000,'Piece');
INSERT INTO Inventory (restaurant_name, ingredient_name, quantity, unit) VALUES ('Moes','Lettuce',10000,'Gram');
INSERT INTO Inventory (restaurant_name, ingredient_name, quantity, unit) VALUES ('Moes','Pico',5000,'Tsp');
INSERT INTO Inventory (restaurant_name, ingredient_name, quantity, unit) VALUES ('Moes','Bowl',1000,'Piece');
INSERT INTO Inventory (restaurant_name, ingredient_name, quantity, unit) VALUES ('Moes','Shredded Cheese',300,'Lb');
INSERT INTO Inventory (restaurant_name, ingredient_name, quantity, unit) VALUES ('Moes','Melted Cheese',1000,'Oz');
INSERT INTO Inventory (restaurant_name, ingredient_name, quantity, unit) VALUES ('Moes','Avocado',500,'Lb');
INSERT INTO Inventory (restaurant_name, ingredient_name, quantity, unit) VALUES ('Moes','Sourcream',5000,'Tsp');
INSERT INTO Inventory (restaurant_name, ingredient_name, quantity, unit) VALUES ('Moes','Coke',5000,'Oz');
INSERT INTO Inventory (restaurant_name, ingredient_name, quantity, unit) VALUES ('Moes','Tortilla Chips',1000,'Packet');
INSERT INTO Inventory (restaurant_name, ingredient_name, quantity, unit) VALUES ('Moes','Beans',350,'Lb');




INSERT INTO Restaurant (restaurant_name, location, owner_first_name, owner_last_name, restaurant_phone) VALUES ('Kellys', 'Athens', 'Cameron', 'Garrett', '6789778888');
INSERT INTO Menu(restaurant_name,item_name,price) VALUES('Kellys','Jerk Chicken',8);
INSERT INTO Ingredient(restaurant_name,item_name,ingredient_name,portion,unit) VALUES ('Kellys','Jerk Chicken','Chicken',2,'Lb');
INSERT INTO Ingredient(restaurant_name,item_name,ingredient_name,portion,unit) VALUES ('Kellys','Jerk Chicken','Jerk Sauce',1,'Packet');
INSERT INTO Menu(restaurant_name,item_name,price) VALUES('Kellys','Curry Chicken',8);
INSERT INTO Ingredient(restaurant_name,item_name,ingredient_name,portion,unit) VALUES ('Kellys','Curry Chicken','Chicken',2,'Lb');
INSERT INTO Ingredient(restaurant_name,item_name,ingredient_name,portion,unit) VALUES ('Kellys','Curry Chicken','Curry Sauce',1,'Packet');
INSERT INTO Menu(restaurant_name,item_name,price) VALUES('Kellys','BBQ Chicken',8);
INSERT INTO Ingredient(restaurant_name,item_name,ingredient_name,portion,unit) VALUES ('Kellys','BBQ Chicken','Chicken',2,'Lb');
INSERT INTO Ingredient(restaurant_name,item_name,ingredient_name,portion,unit) VALUES ('Kellys','Curry Chicken','BBQ Sauce',1,'Packet');
INSERT INTO Menu(restaurant_name,item_name,price) VALUES('Kellys','Mac N Cheese',3);
INSERT INTO Ingredient(restaurant_name,item_name,ingredient_name,portion,unit) VALUES ('Kellys','Mac N Cheese','Macroni',1,'Lb');
INSERT INTO Ingredient(restaurant_name,item_name,ingredient_name,portion,unit) VALUES ('Kellys','Mac N Cheese','Mixed Cheese',15,'Gram');
INSERT INTO Ingredient(restaurant_name,item_name,ingredient_name,portion,unit) VALUES ('Kellys','Mac N Cheese','Milk',20,'Oz');
INSERT INTO Ingredient(restaurant_name,item_name,ingredient_name,portion,unit) VALUES ('Kellys','Mac N Cheese','Butter',4,'Tsp');
INSERT INTO Menu(restaurant_name,item_name,price) VALUES('Kellys','Spicy Cabbage',3);
INSERT INTO Ingredient(restaurant_name,item_name,ingredient_name,portion,unit) VALUES ('Kellys','Spicy Cabbage','Cabbage',.5,'Lb');
INSERT INTO Ingredient(restaurant_name,item_name,ingredient_name,portion,unit) VALUES ('Kellys','Spicy Cabbage','Spices',3,'Tsp');
INSERT INTO Menu(restaurant_name,item_name,price) VALUES('Kellys','Rice',3);
INSERT INTO Ingredient(restaurant_name,item_name,ingredient_name,portion,unit) VALUES ('Kellys','Rice','Bean Rice',.5,'Lb');
INSERT INTO Ingredient(restaurant_name,item_name,ingredient_name,portion,unit) VALUES ('Kellys','Rice','Bean',.5,'Lb');
INSERT INTO Menu(restaurant_name,item_name,price) VALUES('Kellys','Jerk Pork',8);
INSERT INTO Ingredient(restaurant_name,item_name,ingredient_name,portion,unit) VALUES ('Kellys','Jerk Pork','Pork',2,'Lb');
INSERT INTO Ingredient(restaurant_name,item_name,ingredient_name,portion,unit) VALUES ('Kellys','Jerk Pork','Jerk Sauce',1,'Packet');
INSERT INTO Menu(restaurant_name,item_name,price) VALUES('Kellys','BBQ Pork',8);
INSERT INTO Ingredient(restaurant_name,item_name,ingredient_name,portion,unit) VALUES ('Kellys','BBQ Pork','Pork',2,'Lb');
INSERT INTO Ingredient(restaurant_name,item_name,ingredient_name,portion,unit) VALUES ('Kellys','BBQ Pork','BBQ Sauce',1,'Packet');
INSERT INTO Menu(restaurant_name,item_name,price) VALUES('Kellys','Beef Patty',3);
INSERT INTO Ingredient(restaurant_name,item_name,ingredient_name,portion,unit) VALUES ('Kellys','Beef Patty','Beef',.5,'Lb');
INSERT INTO Ingredient(restaurant_name,item_name,ingredient_name,portion,unit) VALUES ('Kellys','Beef Patty','Spices',2,'Tsp');
INSERT INTO Ingredient(restaurant_name,item_name,ingredient_name,portion,unit) VALUES ('Kellys','Beef Patty','Potato',1,'Lb');
INSERT INTO Ingredient(restaurant_name,item_name,ingredient_name,portion,unit) VALUES ('Kellys','Beef Patty','Flour',.5,'Lb');
INSERT INTO Menu(restaurant_name,item_name,price) VALUES('Kellys','Collard Greens',3);
INSERT INTO Ingredient(restaurant_name,item_name,ingredient_name,portion,unit) VALUES ('Kellys','Collard Greens','Greens',1,'Lb');
INSERT INTO Ingredient(restaurant_name,item_name,ingredient_name,portion,unit) VALUES ('Kellys','Collard Greens','Spices',2,'Tsp');

INSERT INTO Inventory (restaurant_name, ingredient_name, quantity, unit) VALUES ('Kellys','Chicken',500,'Lb');
INSERT INTO Inventory (restaurant_name, ingredient_name, quantity, unit) VALUES ('Kellys','Pork',500,'Lb');
INSERT INTO Inventory (restaurant_name, ingredient_name, quantity, unit) VALUES ('Kellys','Curry Sauce',5000,'Packet');
INSERT INTO Inventory (restaurant_name, ingredient_name, quantity, unit) VALUES ('Kellys','BBQ Sauce',5000,'Packet');
INSERT INTO Inventory (restaurant_name, ingredient_name, quantity, unit) VALUES ('Kellys','Jerk Sauce',5000,'Packet');
INSERT INTO Inventory (restaurant_name, ingredient_name, quantity, unit) VALUES ('Kellys','Beef',500,'Lb');
INSERT INTO Inventory (restaurant_name, ingredient_name, quantity, unit) VALUES ('Kellys','Greens',500,'Lb');
INSERT INTO Inventory (restaurant_name, ingredient_name, quantity, unit) VALUES ('Kellys','Macroni',500,'Lb');
INSERT INTO Inventory (restaurant_name, ingredient_name, quantity, unit) VALUES ('Kellys','Potato',500,'Lb');
INSERT INTO Inventory (restaurant_name, ingredient_name, quantity, unit) VALUES ('Kellys','Spices',5000,'Tsp');
INSERT INTO Inventory (restaurant_name, ingredient_name, quantity, unit) VALUES ('Kellys','Cabbage',500,'Lb');
INSERT INTO Inventory (restaurant_name, ingredient_name, quantity, unit) VALUES ('Kellys','Mixed Cheese',5000,'Gram');
INSERT INTO Inventory (restaurant_name, ingredient_name, quantity, unit) VALUES ('Kellys','Milk',5000,'Oz');
INSERT INTO Inventory (restaurant_name, ingredient_name, quantity, unit) VALUES ('Kellys','Butter',5000,'Tsp');
INSERT INTO Inventory (restaurant_name, ingredient_name, quantity, unit) VALUES ('Kellys','Flour',500,'Lb');
INSERT INTO Inventory (restaurant_name, ingredient_name, quantity, unit) VALUES ('Kellys','Bean Rice',300,'Lb');
INSERT INTO Inventory (restaurant_name, ingredient_name, quantity, unit) VALUES ('Kellys','Bean',300,'Lb');
INSERT INTO Restaurant (restaurant_name, location, owner_first_name, owner_last_name, restaurant_phone) VALUES ('Crust', 'Alpharetta', 'Colin', 'Wahl', '6789777023');
INSERT INTO Menu(restaurant_name,item_name,price) VALUES('Crust','Veggie Pizza',15);
INSERT INTO Ingredient(restaurant_name,item_name,ingredient_name,portion,unit) VALUES ('Crust','Veggie Pizza','Dough',1,'Lb');
INSERT INTO Ingredient(restaurant_name,item_name,ingredient_name,portion,unit) VALUES ('Crust','Veggie Pizza','Onion',.5,'Lb');
INSERT INTO Ingredient(restaurant_name,item_name,ingredient_name,portion,unit) VALUES ('Crust','Veggie Pizza','Cheese',.5,'Lb');
INSERT INTO Ingredient(restaurant_name,item_name,ingredient_name,portion,unit) VALUES ('Crust','Veggie Pizza','Sauce',6,'Tsp');
INSERT INTO Ingredient(restaurant_name,item_name,ingredient_name,portion,unit) VALUES ('Crust','Veggie Pizza','Jalapeno',.5,'Lb');
INSERT INTO Ingredient(restaurant_name,item_name,ingredient_name,portion,unit) VALUES ('Crust','Veggie Pizza','Green Pepper',.5,'Lb');
INSERT INTO Menu(restaurant_name,item_name,price) VALUES('Crust','Cheese Pizza',10);
INSERT INTO Ingredient(restaurant_name,item_name,ingredient_name,portion,unit) VALUES ('Crust','Cheese Pizza','Dough',1,'Lb');
INSERT INTO Ingredient(restaurant_name,item_name,ingredient_name,portion,unit) VALUES ('Crust','Cheese Pizza','Special Sauce',1,'Packet');
INSERT INTO Ingredient(restaurant_name,item_name,ingredient_name,portion,unit) VALUES ('Crust','Cheese Pizza','Cheese',.8,'Lb');
INSERT INTO Ingredient(restaurant_name,item_name,ingredient_name,portion,unit) VALUES ('Crust','Cheese Pizza','Sauce',6,'Tsp');
INSERT INTO Menu(restaurant_name,item_name,price) VALUES('Crust','Meat Lover Pizza',15);
INSERT INTO Ingredient(restaurant_name,item_name,ingredient_name,portion,unit) VALUES ('Crust','Meat Lover Pizza','Dough',1,'Lb');
INSERT INTO Ingredient(restaurant_name,item_name,ingredient_name,portion,unit) VALUES ('Crust','Meat Lover Pizza','Sausage',.5,'Lb');
INSERT INTO Ingredient(restaurant_name,item_name,ingredient_name,portion,unit) VALUES ('Crust','Meat Lover Pizza','Cheese',.5,'Lb');
INSERT INTO Ingredient(restaurant_name,item_name,ingredient_name,portion,unit) VALUES ('Crust','Meat Lover Pizza','Sauce',6,'Tsp');
INSERT INTO Ingredient(restaurant_name,item_name,ingredient_name,portion,unit) VALUES ('Crust','Meat Lover Pizza','Chicken',.5,'Lb');
INSERT INTO Ingredient(restaurant_name,item_name,ingredient_name,portion,unit) VALUES ('Crust','Meat Lover Pizza','Pepperoni',.5,'Lb');
INSERT INTO Menu(restaurant_name,item_name,price) VALUES('Crust','BBQ Chicken Pizza',12);
INSERT INTO Ingredient(restaurant_name,item_name,ingredient_name,portion,unit) VALUES ('Crust','BBQ Chicken Pizza','Dough',1,'Lb');
INSERT INTO Ingredient(restaurant_name,item_name,ingredient_name,portion,unit) VALUES ('Crust','BBQ Chicken Pizza','BBQ Sauce',1,'Packet');
INSERT INTO Ingredient(restaurant_name,item_name,ingredient_name,portion,unit) VALUES ('Crust','BBQ Chicken Pizza','Cheese',.5,'Lb');
INSERT INTO Ingredient(restaurant_name,item_name,ingredient_name,portion,unit) VALUES ('Crust','BBQ Chicken Pizza','Sauce',6,'Tsp');
INSERT INTO Ingredient(restaurant_name,item_name,ingredient_name,portion,unit) VALUES ('Crust','BBQ Chicken Pizza','Chicken',.5,'Lb');
INSERT INTO Menu(restaurant_name,item_name,price) VALUES('Crust','Pepperoni Pizza',12);
INSERT INTO Ingredient(restaurant_name,item_name,ingredient_name,portion,unit) VALUES ('Crust','Pepperoni Pizza','Dough',1,'Lb');
INSERT INTO Ingredient(restaurant_name,item_name,ingredient_name,portion,unit) VALUES ('Crust','Pepperoni Pizza','Special Sauce',1,'Packet');
INSERT INTO Ingredient(restaurant_name,item_name,ingredient_name,portion,unit) VALUES ('Crust','Pepperoni Pizza','Cheese',.5,'Lb');
INSERT INTO Ingredient(restaurant_name,item_name,ingredient_name,portion,unit) VALUES ('Crust','Pepperoni Pizza','Sauce',6,'Tsp');
INSERT INTO Ingredient(restaurant_name,item_name,ingredient_name,portion,unit) VALUES ('Crust','Pepperoni Pizza','Pepperoni',.5,'Lb');
INSERT INTO Menu(restaurant_name,item_name,price) VALUES('Crust','Bread Sticks',5);
INSERT INTO Ingredient(restaurant_name,item_name,ingredient_name,portion,unit) VALUES ('Crust','Bread Sticks','Dough',1,'Lb');
INSERT INTO Ingredient(restaurant_name,item_name,ingredient_name,portion,unit) VALUES ('Crust','Bread Sticks','Butter',4,'Tsp');
INSERT INTO Ingredient(restaurant_name,item_name,ingredient_name,portion,unit) VALUES ('Crust','Bread Sticks','Special Sauce',1,'Packet');
INSERT INTO Ingredient(restaurant_name,item_name,ingredient_name,portion,unit) VALUES ('Crust','Bread Sticks','Sauce',6,'Tsp');
INSERT INTO Menu(restaurant_name,item_name,price) VALUES('Crust','Garlic Knots',5);
INSERT INTO Ingredient(restaurant_name,item_name,ingredient_name,portion,unit) VALUES ('Crust','Garlic Knots','Dough',1,'Lb');
INSERT INTO Ingredient(restaurant_name,item_name,ingredient_name,portion,unit) VALUES ('Crust','Garlic Knots','Butter',4,'Tsp');
INSERT INTO Ingredient(restaurant_name,item_name,ingredient_name,portion,unit) VALUES ('Crust','Garlic Knots','Sauce',4,'Tsp');
INSERT INTO Ingredient(restaurant_name,item_name,ingredient_name,portion,unit) VALUES ('Crust','Garlic Knots','Garlic',4,'Tsp');
INSERT INTO Menu(restaurant_name,item_name,price) VALUES('Crust','Drink',2);
INSERT INTO Ingredient(restaurant_name,item_name,ingredient_name,portion,unit) VALUES ('Crust','Drink','Coke',22,'Oz');
INSERT INTO Menu(restaurant_name,item_name,price) VALUES('Crust','Wings',8);
INSERT INTO Ingredient(restaurant_name,item_name,ingredient_name,portion,unit) VALUES ('Crust','Wings','Hot Sauce',4,'Tsp');
INSERT INTO Ingredient(restaurant_name,item_name,ingredient_name,portion,unit) VALUES ('Crust','Wings','Chicken',2,'Lb');
INSERT INTO Menu(restaurant_name,item_name,price) VALUES('Crust','Brownies',5);
INSERT INTO Ingredient(restaurant_name,item_name,ingredient_name,portion,unit) VALUES ('Crust','Brownies','Butter',4,'Tsp');
INSERT INTO Ingredient(restaurant_name,item_name,ingredient_name,portion,unit) VALUES ('Crust','Brownies','Chocolate Chip',1,'Packet');
INSERT INTO Ingredient(restaurant_name,item_name,ingredient_name,portion,unit) VALUES ('Crust','Brownies','Eggs',2,'Piece');
INSERT INTO Ingredient(restaurant_name,item_name,ingredient_name,portion,unit) VALUES ('Crust','Brownies','Flour',.5,'Lb');
INSERT INTO Ingredient(restaurant_name,item_name,ingredient_name,portion,unit) VALUES ('Crust','Brownies','Sugar',4,'Tsp');

INSERT INTO Inventory (restaurant_name, ingredient_name, quantity, unit) VALUES ('Crust','Chicken',500,'Lb');
INSERT INTO Inventory (restaurant_name, ingredient_name, quantity, unit) VALUES ('Crust','Pepperoni',500,'Lb');
INSERT INTO Inventory (restaurant_name, ingredient_name, quantity, unit) VALUES ('Crust','Special Sauce',5000,'Packet');
INSERT INTO Inventory (restaurant_name, ingredient_name, quantity, unit) VALUES ('Crust','Sauce',5000,'Tsp');
INSERT INTO Inventory (restaurant_name, ingredient_name, quantity, unit) VALUES ('Crust','Sausage',500,'Lb');
INSERT INTO Inventory (restaurant_name, ingredient_name, quantity, unit) VALUES ('Crust','Cheese',500,'Lb');
INSERT INTO Inventory (restaurant_name, ingredient_name, quantity, unit) VALUES ('Crust','Dough',500,'Lb');
INSERT INTO Inventory (restaurant_name, ingredient_name, quantity, unit) VALUES ('Crust','Flour',300,'Lb');
INSERT INTO Inventory (restaurant_name, ingredient_name, quantity, unit) VALUES ('Crust','Chocolate Chip',5000,'Packet');
INSERT INTO Inventory (restaurant_name, ingredient_name, quantity, unit) VALUES ('Crust','Butter',5000,'Tsp');
INSERT INTO Inventory (restaurant_name, ingredient_name, quantity, unit) VALUES ('Crust','Sugar',5000,'Tsp');
INSERT INTO Inventory (restaurant_name, ingredient_name, quantity, unit) VALUES ('Crust','Eggs',5000,'Piece');
INSERT INTO Inventory (restaurant_name, ingredient_name, quantity, unit) VALUES ('Crust','Hot Sauce',5000,'Tsp');
INSERT INTO Inventory (restaurant_name, ingredient_name, quantity, unit) VALUES ('Crust','Garlic',5000,'Tsp');
INSERT INTO Inventory (restaurant_name, ingredient_name, quantity, unit) VALUES ('Crust','Coke',5000,'Oz');
INSERT INTO Inventory (restaurant_name, ingredient_name, quantity, unit) VALUES ('Crust','BBQ Sauce',5000,'Tsp');
INSERT INTO Inventory (restaurant_name, ingredient_name, quantity, unit) VALUES ('Crust','Onion',500,'Lb');
INSERT INTO Inventory (restaurant_name, ingredient_name, quantity, unit) VALUES ('Crust','Green Pepper',500,'Lb');
INSERT INTO Inventory (restaurant_name, ingredient_name, quantity, unit) VALUES ('Crust','Jalapeno',500,'Lb');




# --- !Downs

delete from Inventory;
delete from Restaurant;
